Workbook

Sheet 使い方
A1: 🐪 | B1: 残業嫌いのらくだ先生 家計簿テンプレ
B4: ■ このテンプレで何ができるか
B5: ・毎月の固定費・変動費・収入を1ファイルで管理
B6: ・年間の貯蓄率・投資率を自動計算
B7: ・「先取り投資 → 生活 → 貯金」の順番でお金を回す仕組み
B8: ・公務員教員 (20代・実家暮らし) のリアル数字を例として埋め込み済み
B10: ■ 使い方
B11: 1. シート「月次記入」のC列に毎月の金額を入力するだけ
B12: 2. 「集計」シートに年間の貯蓄率・投資配分が自動表示
B13: 3. 「投資配分」シートでNISA積立の銘柄管理
B14: 4. 「目標シミュレータ」で何年で2000万に届くか試算
B16: ■ ぼくのリアル数字 (参考)
B17: ・固定費: 月4.5万円 (実家へ3万・通信5千・ガソリン5千・サブスク5千)
... B29: X @rakuda_sensei までDMください。

Sheet 月次記入
A1: 月次記入シート（C-N列に毎月の金額を入力）
A3: 大項目 | B3: 詳細 | C3: 1月 | D3: 2月 | E3: 3月 | F3: 4月 | G3: 5月 | H3: 6月 | I3: 7月 | J3: 8月 | K3: 9月 | L3: 10月 | M3: 11月 | N3: 12月
A4: 収入 | B4: 本業手取り | C4: 280000 | D4: 280000 | E4: 280000 | F4: 280000 | G4: 280000 | H4: 280000 | I4: 280000 | J4: 280000 | K4: 280000 | L4: 280000 | M4: 280000 | N4: 280000
A5: 収入 | B5: 副業 | C5: 30000 | D5: 0 | E5: 0 | F5: 0 | G5: 0 | H5: 0 | I5: 0 | J5: 0 | K5: 0 | L5: 0 | M5: 0 | N5: 0
A6: 収入 | B6: ボードゲーム会収入 | C6: 15000 | D6: 0 | E6: 0 | F6: 0 | G6: 0 | H6: 0 | I6: 0 | J6: 0 | K6: 0 | L6: 0 | M6: 0 | N6: 0
A7: 収入 | B7: 合計 | C7: =SUM(C4:C6) | D7: =SUM(D4:D6) | E7: =SUM(E4:E6) | F7: =SUM(F4:F6) | G7: =SUM(G4:G6) | H7: =SUM(H4:H6) | I7: =SUM(I4:I6) | J7: =SUM(J4:J6) | ... N7: =SUM(N4:N6)
A8: 先取り | B8: NISA積立 (自動) | C8: 150000 | D8: 150000 | E8: 150000 | F8: 150000 | G8: 150000 | H8: 150000 | I8: 150000 | J8: 150000 | K8: 150000 | L8: 150000 | M8: 150000 | N8: 150000
A9: 先取り | B9: 米株タイミング購入 | C9: 30000 | D9: 0 | E9: 0 | F9: 0 | G9: 0 | H9: 0 | I9: 0 | J9: 0 | K9: 0 | L9: 0 | M9: 0 | N9: 0
A10: 先取り | B10: 投資合計 | C10: =SUM(C8:C9) | D10: =SUM(D8:D9) | E10: =SUM(E8:E9) | F10: =SUM(F8:F9) | G10: =SUM(G8:G9) | H10: =SUM(H8:H9) | I10: =SUM(I8:I9) | J10: =SUM(J8:J9) | ... N10: =SUM(N8:N9)
A11: 固定費 | B11: 実家へ生活費 | C11: 30000 | D11: 30000 | E11: 30000 | F11: 30000 | G11: 30000 | H11: 30000 | I11: 30000 | J11: 30000 | K11: 30000 | L11: 30000 | M11: 30000 | N11: 30000
A12: 固定費 | B12: 通信費 | C12: 5000 | D12: 5000 | E12: 5000 | F12: 5000 | G12: 5000 | H12: 5000 | I12: 5000 | J12: 5000 | K12: 5000 | L12: 5000 | M12: 5000 | N12: 5000
A13: 固定費 | B13: ガソリン | C13: 5000 | D13: 5000 | E13: 5000 | F13: 5000 | G13: 5000 | H13: 5000 | I13: 5000 | J13: 5000 | K13: 5000 | L13: 5000 | M13: 5000 | N13: 5000
A14: 固定費 | B14: サブスク | C14: 5000 | D14: 5000 | E14: 5000 | F14: 5000 | G14: 5000 | H14: 5000 | I14: 5000 | J14: 5000 | K14: 5000 | L14: 5000 | M14: 5000 | N14: 5000
A15: 固定費 | B15: 合計 | C15: =SUM(C11:C14) | D15: =SUM(D11:D14) | E15: =SUM(E11:E14) | F15: =SUM(F11:F14) | G15: =SUM(G11:G14) | H15: =SUM(H11:H14) | I15: =SUM(I11:I14) | J15: =SUM(J11:J14) | ... N15: =SUM(N11:N14)
A16: 変動費 | B16: 食費 (外食含む) | C16: 25000 | D16: 0 | E16: 0 | F16: 0 | G16: 0 | H16: 0 | I16: 0 | J16: 0 | K16: 0 | L16: 0 | M16: 0 | N16: 0
A17: 変動費 | B17: 娯楽費 (上限5万) | C17: 30000 | D17: 0 | E17: 0 | F17: 0 | G17: 0 | H17: 0 | I17: 0 | J17: 0 | K17: 0 | L17: 0 | M17: 0 | N17: 0
A18: 変動費 | B18: 交際費 | C18: 10000 | D18: 0 | E18: 0 | F18: 0 | G18: 0 | H18: 0 | I18: 0 | J18: 0 | K18: 0 | L18: 0 | M18: 0 | N18: 0
A19: 変動費 | B19: 書籍・自己投資 | C19: 5000 | D19: 0 | E19: 0 | F19: 0 | G19: 0 | H19: 0 | I19: 0 | J19: 0 | K19: 0 | L19: 0 | M19: 0 | N19: 0
A20: 変動費 | B20: 予備費 | C20: 0 | D20: 0 | E20: 0 | F20: 0 | G20: 0 | H20: 0 | I20: 0 | J20: 0 | K20: 0 | L20: 0 | M20: 0 | N20: 0
A21: 変動費 | B21: 合計 | C21: =SUM(C16:C20) | D21: =SUM(D16:D20) | E21: =SUM(E16:E20) | F21: =SUM(F16:F20) | G21: =SUM(G16:G20) | H21: =SUM(H16:H20) | I21: =SUM(I16:I20) | J21: =SUM(J16:J20) | ... N21: =SUM(N16:N20)
A22: 結果 | B22: 支出計 | C22: =C15+C21 | D22: =D15+D21 | E22: =E15+E21 | F22: =F15+F21 | G22: =G15+G21 | H22: =H15+H21 | I22: =I15+I21 | J22: =J15+J21 | ... N22: =N15+N21
A23: 結果 | B23: 余剰金 → 貯金 | C23: =C7-C10-C22 | D23: =D7-D10-D22 | E23: =E7-E10-E22 | F23: =F7-F10-F22 | G23: =G7-G10-G22 | H23: =H7-H10-H22 | I23: =I7-I10-I22 | J23: =J7-J10-J22 | ... N23: =N7-N10-N22

Sheet 集計
A1: 年間集計
A3: 項目 | B3: 年間合計 | C3: 月平均 | D3: %
A4: 収入合計 | B4: =SUM(月次記入!C7:N7) | C4: =B4/12
A5: 先取り投資合計 | B5: =SUM(月次記入!C10:N10) | C5: =B5/12
A6: 固定費合計 | B6: =SUM(月次記入!C15:N15) | C6: =B6/12
A7: 変動費合計 | B7: =SUM(月次記入!C21:N21) | C7: =B7/12
A8: 支出合計 | B8: =SUM(月次記入!C22:N22) | C8: =B8/12
A9: 年間貯蓄 (余剰) | B9: =SUM(月次記入!C23:N23) | C9: =B9/12
A10: 実質貯蓄率 (投資+貯金) | B10: =ROUND((B5+B8)/B4*100,1)
A11: 投資比率 | B11: =ROUND(B5/B4*100,1)

Sheet 投資配分
A1: 投資配分・銘柄管理
A3: 銘柄 | B3: 目標配分% | C3: 月積立額 | D3: メモ
A4: オルカン (全世界株式) | B4: 40 | C4: 60000 | D4: コア配分・楽天 or eMAXIS Slim
A5: S&P500 | B5: 40 | C5: 60000 | D5: コア配分・eMAXIS Slim or 楽天
A6: NASDAQ100 | B6: 15 | C6: 22500 | D6: 成長重視・iFreeNEXT
A7: FANG+ | B7: 3 | C7: 4500 | D7: ハイリスク枠・米一歩先テック
A8: ゴールド | B8: 2 | C8: 3000 | D8: ヘッジ・auAM
A9: 合計 | B9: =SUM(B4:B8) | C9: =SUM(C4:C8) | D9: 150,000円/月で5年で2000万に到達

Sheet 目標シミュレータ
A1: 累計資産シミュレーション
A2: 入力: 月積立・想定年利を変えて、何年で目標額に届くか試算
A4: 月積立額 | B4: 150000
A5: 想定年利 | B5: 0.05
A6: 現在資産 | B6: 0
A8: 年数 | B8: 元本累計 | C8: 運用益込み資産 | D8: 達成判定 (2000万円)
A9: 1 | B9: =$B$4*12*1+$B$6 | C9: =FV(-$B$5/12,12,-$B$4,-$B$6) | D9: =IF(C9>=20000000,"✓ 到達","")
A10: 2 | B10: =$B$4*12*2+$B$6 | C10: =FV(-$B$5/12,24,-$B$4,-$B$6) | D10: =IF(C10>=20000000,"✓ 到達","")
A11: 3 | B11: =$B$4*12*3+$B$6 | C11: =FV(-$B$5/12,36,-$B$4,-$B$6) | D11: =IF(C11>=20000000,"✓ 到達","")
A12: 4 | B12: =$B$4*12*4+$B$6 | C12: =FV(-$B$5/12,48,-$B$4,-$B$6) | D12: =IF(C12>=20000000,"✓ 到達","")
A13: 5 | B13: =$B$4*12*5+$B$6 | C13: =FV(-$B$5/12,60,-$B$4,-$B$6) | D13: =IF(C13>=20000000,"✓ 到達","")
A14: 6 | B14: =$B$4*12*6+$B$6 | C14: =FV(-$B$5/12,72,-$B$4,-$B$6) | D14: =IF(C14>=20000000,"✓ 到達","")
A15: 7 | B15: =$B$4*12*7+$B$6 | C15: =FV(-$B$5/12,84,-$B$4,-$B$6) | D15: =IF(C15>=20000000,"✓ 到達","")
A16: 8 | B16: =$B$4*12*8+$B$6 | C16: =FV(-$B$5/12,96,-$B$4,-$B$6) | D16: =IF(C16>=20000000,"✓ 到達","")
A17: 9 | B17: =$B$4*12*9+$B$6 | C17: =FV(-$B$5/12,108,-$B$4,-$B$6) | D17: =IF(C17>=20000000,"✓ 到達","")
A18: 10 | B18: =$B$4*12*10+$B$6 | C18: =FV(-$B$5/12,120,-$B$4,-$B$6) | D18: =IF(C18>=20000000,"✓ 到達","")
A19: 11 | B19: =$B$4*12*11+$B$6 | C19: =FV(-$B$5/12,132,-$B$4,-$B$6) | D19: =IF(C19>=20000000,"✓ 到達","")
A20: 12 | B20: =$B$4*12*12+$B$6 | C20: =FV(-$B$5/12,144,-$B$4,-$B$6) | D20: =IF(C20>=20000000,"✓ 到達","")
A21: 13 | B21: =$B$4*12*13+$B$6 | C21: =FV(-$B$5/12,156,-$B$4,-$B$6) | D21: =IF(C21>=20000000,"✓ 到達","")
A22: 14 | B22: =$B$4*12*14+$B$6 | C22: =FV(-$B$5/12,168,-$B$4,-$B$6) | D22: =IF(C22>=20000000,"✓ 到達","")
A23: 15 | B23: =$B$4*12*15+$B$6 | C23: =FV(-$B$5/12,180,-$B$4,-$B$6) | D23: =IF(C23>=20000000,"✓ 到達","")
