Workbook

Sheet シミュレータ
A1: 🐪 オルカン+S&P500｜投資配分シミュレータ
A2: 月積立・年利・年数を変えて、3つの配分パターンを比較
A4: ■ 入力
A5: 月積立額 | B5: 150000
A6: 想定年数 | B6: 5
A7: 現在資産 | B7: 0
A10: ■ 配分パターン比較 (期待年利)
A12: パターン | B12: オルカン+SP500 | C12: NASDAQ100 | D12: ハイリスク枠 | E12: 期待年利
A13: 保守: 全世界株式100 | B13: 100% | C13: 0% | D13: 0% | E13: 0.04
A14: らくだ式 (80/15/5) | B14: 80% | C14: 15% | D14: 5% | E14: 0.06
A15: 攻撃: NASDAQ100中心 | B15: 30% | C15: 60% | D15: 10% | E15: 0.08
A17: ■ 計算結果 (FV関数で複利計算)
A19: パターン | B19: 元本累計 | C19: 運用益込み | D19: 運用益のみ
A20: 保守: 全世界株式100 | B20: =$B$5*12*$B$6+$B$7 | C20: =FV(-0.04/12,$B$6*12,-$B$5,-$B$7) | D20: =C20-B20
A21: らくだ式 (80/15/5) | B21: =$B$5*12*$B$6+$B$7 | C21: =FV(-0.06/12,$B$6*12,-$B$5,-$B$7) | D21: =C21-B21
A22: 攻撃: NASDAQ100中心 | B22: =$B$5*12*$B$6+$B$7 | C22: =FV(-0.08/12,$B$6*12,-$B$5,-$B$7) | D22: =C22-B22
A25: ■ 注意事項
A26: ・想定年利はあくまで参考値（過去実績ベース）
A27: ・投資は元本割れリスクあり、必ず自己責任で判断
A28: ・らくだ式は個人の判断であり、推奨ではありません
A29: ・新NISA枠（年360万）の活用がベストケース

Sheet 年次推移
A1: らくだ式 (80/15/5) の年次推移
A3: 年 | B3: 元本 | C3: 運用益込み | D3: 達成度 (vs 2000万)
A4: 1 | B4: =シミュレータ!$B$5*12*1+シミュレータ!$B$7 | C4: =FV(-0.06/12,12,-シミュレータ!$B$5,-シミュレータ!$B$7) | D4: =ROUND(C4/20000000*100,1)&"%"
A5: 2 | B5: =シミュレータ!$B$5*12*2+シミュレータ!$B$7 | C5: =FV(-0.06/12,24,-シミュレータ!$B$5,-シミュレータ!$B$7) | D5: =ROUND(C5/20000000*100,1)&"%"
A6: 3 | B6: =シミュレータ!$B$5*12*3+シミュレータ!$B$7 | C6: =FV(-0.06/12,36,-シミュレータ!$B$5,-シミュレータ!$B$7) | D6: =ROUND(C6/20000000*100,1)&"%"
A7: 4 | B7: =シミュレータ!$B$5*12*4+シミュレータ!$B$7 | C7: =FV(-0.06/12,48,-シミュレータ!$B$5,-シミュレータ!$B$7) | D7: =ROUND(C7/20000000*100,1)&"%"
A8: 5 | B8: =シミュレータ!$B$5*12*5+シミュレータ!$B$7 | C8: =FV(-0.06/12,60,-シミュレータ!$B$5,-シミュレータ!$B$7) | D8: =ROUND(C8/20000000*100,1)&"%"
A9: 6 | B9: =シミュレータ!$B$5*12*6+シミュレータ!$B$7 | C9: =FV(-0.06/12,72,-シミュレータ!$B$5,-シミュレータ!$B$7) | D9: =ROUND(C9/20000000*100,1)&"%"
A10: 7 | B10: =シミュレータ!$B$5*12*7+シミュレータ!$B$7 | C10: =FV(-0.06/12,84,-シミュレータ!$B$5,-シミュレータ!$B$7) | D10: =ROUND(C10/20000000*100,1)&"%"
A11: 8 | B11: =シミュレータ!$B$5*12*8+シミュレータ!$B$7 | C11: =FV(-0.06/12,96,-シミュレータ!$B$5,-シミュレータ!$B$7) | D11: =ROUND(C11/20000000*100,1)&"%"
A12: 9 | B12: =シミュレータ!$B$5*12*9+シミュレータ!$B$7 | C12: =FV(-0.06/12,108,-シミュレータ!$B$5,-シミュレータ!$B$7) | D12: =ROUND(C12/20000000*100,1)&"%"
A13: 10 | B13: =シミュレータ!$B$5*12*10+シミュレータ!$B$7 | C13: =FV(-0.06/12,120,-シミュレータ!$B$5,-シミュレータ!$B$7) | D13: =ROUND(C13/20000000*100,1)&"%"
