Workbook

Sheet 使い方
A1: 🐪 | B1: 伊神流FP｜家計と先取り貯金テンプレ
B3: 「先取り貯金 → 残ったお金で生活」の流れを Excel で見える化するテンプレートです。
B4: 一人暮らし用とルームシェア用、2パターン用意してます。
B6: ■ このテンプレで何ができるか
B7: ・手取り給料から「固定費」「生活費」「貯金」「小遣い」の配分を見える化
B8: ・目標貯金総額（100万〜250万）から月の必要貯金額を逆算
B9: ・NISA・iDeCo の利用額を入れて「実質貯金額」と「先取り貯金額」を算出
B10: ・ボーナス込みの年間試算もできる
B12: ■ 使い方（5ステップ）
B13: 1. シート「一人暮らし用」または「ルームシェア用」を開く
B14: 2. C2セルに「手取り給料」を入力（ルームシェアの場合は F2 に人数も）
B15: 3. 個人固定費・生活費の項目と金額を埋める（例が入ってるので参考に）
B16: 4. K列の「目標貯金総額」のチェックボックスで目標を選ぶ
... B38: わからない用語があれば、シート「用語集」も見てください。

Sheet 一人暮らし用
B2: 手取り給料 | C2: 190000 | E2: 固定費 | F2: =C5+F5 | G2: 固定費＝個人固定費＋生活費
B3: ボーナス(合計) | C3: =C2*4 | E3: 貯金可能額 | F3: =C2-F2 | G3: 貯金可能額＝手取りー経費
M4: 目標小遣い | N4: =INDEX(貯金[],H5,4)
B5: 個人固定費 | C5: =SUM(固定費[金額]) | E5: 生活費 | F5: =SUM(生活費[金額]) | H5: 1 | I5: 貯金 | M5: 小遣い合計 | N5: =SUM(小遣い[[#All],[金額]])
B6: 項目 | C6: 金額 | E6: 項目 | F6: 金額 | H6: ✓ | I6: 目標貯金総額 | J6: 必要貯金額(月) | K6: 目標小遣い | M6: 項目 | N6: 金額
B7: 携帯代 | C7: 4000 | E7: 家賃 | F7: 76500 | I7: 1000000 | J7: =(ルームシェア用!$I$7:$I$11-$C$3)/12 | K7: =ROUND(($F$3-ルームシェア用!$J7)/1000,0)*1000 | M7: 軽食 | N7: 4000
B8: 保険料 | C8: 1000 | E8: 共益費 | F8: 2200 | I8: 1500000 | J8: =(ルームシェア用!$I$7:$I$11-$C$3)/12 | K8: =ROUND(($F$3-ルームシェア用!$J8)/1000,0)*1000 | M8: 食事会 | N8: 4000
B9: 車保険料 | C9: 10000 | E9: 駐車場 | F9: 8800 | I9: 1800000 | J9: =(ルームシェア用!$I$7:$I$11-$C$3)/12 | K9: =ROUND(($F$3-ルームシェア用!$J9)/1000,0)*1000 | M9: 飲み会
B10: ガソリン代 | C10: 6000 | E10: 通信費 | F10: 0 | I10: 2000000 | J10: =(ルームシェア用!$I$7:$I$11-$C$3)/12 | K10: =ROUND(($F$3-ルームシェア用!$J10)/1000,0)*1000 | M10: 服 | N10: 5000
B11: 奨学金 | C11: 9000 | E11: 水道 | F11: 3000 | I11: 2500000 | J11: =(ルームシェア用!$I$7:$I$11-$C$3)/12 | K11: =ROUND(($F$3-ルームシェア用!$J11)/1000,0)*1000 | M11: 散髪 | N11: 3500
E12: ガス | F12: 2000 | M12: お菓子 | N12: 1000
E13: 電気 | F13: 5000 | I13: 実質貯金額 | J13: =(F3-N5)*12+C3 | K13: =IF(J13>0,ROUND((J13/10000),2)&"万","") | M13: アマプラ | N13: 600
E14: 食費 | F14: 30000 | I14: NISA | K14: =IF(J14>0,ROUND((J14/10000),2)&"万","") | M14: チョコザップ | N14: 2900
E15: 家賃手当 | F15: -27000 | I15: iDeco | K15: =IF(J15>0,ROUND((J15/10000),2)&"万","") | M15: サブスク | N15: 1200
E16: 保険 | I16: 先取り貯金額 | J16: =ROUNDDOWN((F3-N5-(J14+J15))/1000,0)*1000 | K16: =IF(J16>0,ROUND((J16/10000),2)&"万","") | M16: サブスク
M17: 遊び | N17: 8000

Sheet ルームシェア用
B2: 手取り給料 | C2: 190000 | E2: シェア人数 | F2: 2 | I2: 固定費 | J2: =C5+F4 | K2: 固定費＝個人固定費＋生活費（一人あたり）
B3: ボーナス(合計) | C3: =C2*4 | I3: 貯金可能額 | J3: =C2-J2 | K3: 貯金可能額＝手取りー経費
E4: 生活費（一人） | F4: =SUM(生活費２[金額])/IF(F2="",2,F2) | M4: 目標小遣い | N4: =INDEX(貯金２[],H5,4)
B5: 個人固定費 | C5: =SUM(固定費２[金額]) | E5: （合計） | F5: =SUM(生活費２[金額]) | H5: 1 | I5: 貯金 | M5: 小遣い合計 | N5: =SUM(小遣い２[[#All],[金額]])
B6: 項目 | C6: 金額 | E6: 項目 | F6: 金額 | H6: ✓ | I6: 目標貯金総額 | J6: 必要貯金額(月) | K6: 目標小遣い | M6: 項目 | N6: 金額
B7: 携帯代 | C7: 4000 | E7: 家賃 | F7: 76500 | I7: 1000000 | J7: =(ルームシェア用!$I$7:$I$11-$C$3)/12 | K7: =ROUND(($J$3-ルームシェア用!$J7)/1000,0)*1000 | M7: 軽食 | N7: 4000
B8: 保険料 | C8: 1000 | E8: 共益費 | F8: 2200 | I8: 1500000 | J8: =(ルームシェア用!$I$7:$I$11-$C$3)/12 | K8: =ROUND(($J$3-ルームシェア用!$J8)/1000,0)*1000 | M8: 食事会 | N8: 4000
B9: 車保険料 | C9: 10000 | E9: 駐車場 | F9: 8800 | I9: 1800000 | J9: =(ルームシェア用!$I$7:$I$11-$C$3)/12 | K9: =ROUND(($J$3-ルームシェア用!$J9)/1000,0)*1000 | M9: 飲み会
B10: ガソリン代 | C10: 6000 | E10: 通信費 | F10: 0 | I10: 2000000 | J10: =(ルームシェア用!$I$7:$I$11-$C$3)/12 | K10: =ROUND(($J$3-ルームシェア用!$J10)/1000,0)*1000 | M10: 服 | N10: 5000
B11: 奨学金 | C11: 9000 | E11: 水道 | F11: 3000 | I11: 2500000 | J11: =(ルームシェア用!$I$7:$I$11-$C$3)/12 | K11: =ROUND(($J$3-ルームシェア用!$J11)/1000,0)*1000 | M11: 散髪 | N11: 3500
E12: ガス | F12: 2000 | M12: お菓子 | N12: 1000
E13: 電気 | F13: 5000 | I13: 実質貯金額 | J13: =(J3-N5)*12+C3 | K13: =IF(J13>0,ROUND((J13/10000),2)&"万","") | M13: アマプラ | N13: 600
E14: 食費 | F14: 30000 | I14: NISA | J14: 33333 | K14: =IF(J14>0,ROUND((J14/10000),2)&"万","") | M14: チョコザップ | N14: 2900
E15: 家賃手当 | F15: -27000 | I15: iDeco | J15: 0 | K15: =IF(J15>0,ROUND((J15/10000),2)&"万","") | M15: サブスク | N15: 1200
E16: 保険 | I16: 先取り貯金額 | J16: =ROUNDDOWN((J3-N5-(J14+J15))/1000,0)*1000 | K16: =IF(J16>0,ROUND((J16/10000),2)&"万","") | M16: サブスク
M17: 遊び | N17: 8000

Sheet 用語集
B2: 個人固定費 | C2: 携帯代等の毎月必要な費用
B3: 生活費 | C3: 住居に関わる費用
B4: 固定費 | C4: 個人固定費＋生活費
B5: 貯金可能額 | C5: 手取りー固定費
B6: 必要貯金額（月） | C6: 目標貯金額を達成するために必要な貯金額
B7: 目標小遣い | C7: 手取りー（固定費＋必要貯金額）
B8: 実質貯金額 | C8: 目標小遣い*12+ボーナス=「固定費」「小遣い」を予定通りにすれば貯まる金額
B9: 先取り貯金額 | C9: 給料が入ったら真っ先に貯金口座に振り込むべき金額

Sheet らくだ先生について
A1: 🐪 | B1: 残業嫌いのらくだ先生
A3: ■ | B3: プロフィール
B4: 公立中学校教員（国語・20代）
B5: ICT・AIで残業ゼロ ｜ 副業10万 ｜ 5年で2000万円貯金
B6: 日本株デイトレで-50万やった失敗から、低リスクインデックス投資に振り切り。
A8: ■ | B8: 発信中
B9: X (Twitter): @rakuda_sensei
B10: note: https://note.com/rakuda_sensei
B11: BOOTH: https://rakuda-sensei.booth.pm
A13: ■ | B13: ご利用について
B14: ・本商品の個人利用・校内利用は自由
B15: ・二次配布・転売は禁止
B16: ・本商品の数式・テンプレで生じた結果について作者は責任を負いません
B17: ・改善要望や不具合報告は X DM までお気軽に！
