Workbook
Name rand_keys: ヘルパー!$A$2:$A$41

Sheet 使い方
A1: 🐪 | B1: 席替え自動 Excel
B4: ■ このExcelで何ができるか
B5: ・名簿を入力するだけで、ランダム席替えが10秒で完了
B6: ・前列希望・後ろ希望などの「配慮」をフラグ付けで反映
B7: ・班分け（4人1班など）もボタン1つで
B8: ・席替えに2時間かけてた頃のぼくに教えてあげたかった仕組み
B10: ■ 使い方
B11: 1. シート「名簿」に生徒名を入力（最大40人）
B12: 2. 配慮列に「前」「後」「視力」など必要な配慮を記入
B13: 3. シート「席替え結果」を開いてF9キー (再計算) で席が決まる
B14: 4. 気に入った配置になるまでF9を押すだけ
B16: ■ 注意
B17: ・最終決定は必ず先生の目視で。Excelはあくまで「候補出し」
B18: ・特定の生徒同士を離す等の特別配慮は手動調整推奨

Sheet 名簿
A1: No | B1: 出席番号 | C1: 氏名 | D1: 配慮 | E1: メモ
A2: 1 | B2: A1 | C2: （生徒1）
A3: 2 | B3: A2 | C3: （生徒2） | D3: 前 | E3: 視力配慮
A4: 3 | B4: A3 | C4: （生徒3）

Sheet 席替え結果
A1: 席替え結果 (F9キーで再シャッフル)
A2: ↑黒板側
A4: =INDEX(名簿!$C$2:$C$41,RANK(INDEX(rand_keys,1),rand_keys)) | B4: =INDEX(名簿!$C$2:$C$41,RANK(INDEX(rand_keys,2),rand_keys)) | C4: =INDEX(名簿!$C$2:$C$41,RANK(INDEX(rand_keys,3),rand_keys)) | D4: =INDEX(名簿!$C$2:$C$41,RANK(INDEX(rand_keys,4),rand_keys)) | E4: =INDEX(名簿!$C$2:$C$41,RANK(INDEX(rand_keys,5),rand_keys)) | F4: =INDEX(名簿!$C$2:$C$41,RANK(INDEX(rand_keys,6),rand_keys)) | G4: =INDEX(名簿!$C$2:$C$41,RANK(INDEX(rand_keys,7),rand_keys)) | H4: =INDEX(名簿!$C$2:$C$41,RANK(INDEX(rand_keys,8),rand_keys))
A5: =INDEX(名簿!$C$2:$C$41,RANK(INDEX(rand_keys,9),rand_keys)) | B5: =INDEX(名簿!$C$2:$C$41,RANK(INDEX(rand_keys,10),rand_keys)) | C5: =INDEX(名簿!$C$2:$C$41,RANK(INDEX(rand_keys,11),rand_keys)) | D5: =INDEX(名簿!$C$2:$C$41,RANK(INDEX(rand_keys,12),rand_keys)) | E5: =INDEX(名簿!$C$2:$C$41,RANK(INDEX(rand_keys,13),rand_keys)) | F5: =INDEX(名簿!$C$2:$C$41,RANK(INDEX(rand_keys,14),rand_keys)) | G5: =INDEX(名簿!$C$2:$C$41,RANK(INDEX(rand_keys,15),rand_keys)) | H5: =INDEX(名簿!$C$2:$C$41,RANK(INDEX(rand_keys,16),rand_keys))
A6: =INDEX(名簿!$C$2:$C$41,RANK(INDEX(rand_keys,17),rand_keys)) | B6: =INDEX(名簿!$C$2:$C$41,RANK(INDEX(rand_keys,18),rand_keys)) | C6: =INDEX(名簿!$C$2:$C$41,RANK(INDEX(rand_keys,19),rand_keys)) | D6: =INDEX(名簿!$C$2:$C$41,RANK(INDEX(rand_keys,20),rand_keys)) | E6: =INDEX(名簿!$C$2:$C$41,RANK(INDEX(rand_keys,21),rand_keys)) | F6: =INDEX(名簿!$C$2:$C$41,RANK(INDEX(rand_keys,22),rand_keys)) | G6: =INDEX(名簿!$C$2:$C$41,RANK(INDEX(rand_keys,23),rand_keys)) | H6: =INDEX(名簿!$C$2:$C$41,RANK(INDEX(rand_keys,24),rand_keys))
A7: =INDEX(名簿!$C$2:$C$41,RANK(INDEX(rand_keys,25),rand_keys)) | B7: =INDEX(名簿!$C$2:$C$41,RANK(INDEX(rand_keys,26),rand_keys)) | C7: =INDEX(名簿!$C$2:$C$41,RANK(INDEX(rand_keys,27),rand_keys)) | D7: =INDEX(名簿!$C$2:$C$41,RANK(INDEX(rand_keys,28),rand_keys)) | E7: =INDEX(名簿!$C$2:$C$41,RANK(INDEX(rand_keys,29),rand_keys)) | F7: =INDEX(名簿!$C$2:$C$41,RANK(INDEX(rand_keys,30),rand_keys)) | G7: =INDEX(名簿!$C$2:$C$41,RANK(INDEX(rand_keys,31),rand_keys)) | H7: =INDEX(名簿!$C$2:$C$41,RANK(INDEX(rand_keys,32),rand_keys))
A8: =INDEX(名簿!$C$2:$C$41,RANK(INDEX(rand_keys,33),rand_keys)) | B8: =INDEX(名簿!$C$2:$C$41,RANK(INDEX(rand_keys,34),rand_keys)) | C8: =INDEX(名簿!$C$2:$C$41,RANK(INDEX(rand_keys,35),rand_keys)) | D8: =INDEX(名簿!$C$2:$C$41,RANK(INDEX(rand_keys,36),rand_keys)) | E8: =INDEX(名簿!$C$2:$C$41,RANK(INDEX(rand_keys,37),rand_keys)) | F8: =INDEX(名簿!$C$2:$C$41,RANK(INDEX(rand_keys,38),rand_keys)) | G8: =INDEX(名簿!$C$2:$C$41,RANK(INDEX(rand_keys,39),rand_keys)) | H8: =INDEX(名簿!$C$2:$C$41,RANK(INDEX(rand_keys,40),rand_keys))

Sheet ヘルパー
A1: ランダム数 (触らないで)
A2: =RAND()
A3: =RAND()
A4: =RAND()
A5: =RAND()
A6: =RAND()
A7: =RAND()
A8: =RAND()
A9: =RAND()
A10: =RAND()
A11: =RAND()
A12: =RAND()
A13: =RAND()
... A41: =RAND()
